feature,importance_mean,importance_std
tenure,0.12372846043721453,0.011184332198736309
Contract,0.07255602260925421,0.008295000564505502
InternetService,0.03468438628262121,0.01290923979710958
TechSupport,0.022639363531320577,0.007671596261773453
OnlineSecurity,0.017975459369561252,0.006043491588298516
TotalCharges,0.01473415323739096,0.00455205523031214
MonthlyCharges,0.009928611836969517,0.0075282019697083535
PaperlessBilling,0.006135080193287549,0.006483094150670316
PaymentMethod,0.004776173695873205,0.005490320057757018
OnlineBackup,0.0036915320803780163,0.0030157972459849405
MultipleLines,0.00279935974842536,0.004062530692328792
SeniorCitizen,0.0008779225223147225,0.0015243068113408712
StreamingMovies,0.00024979811314982764,0.0012227287952814934
Dependents,0.00014409112376100505,0.0006153268364961503
DeviceProtection,0.0,0.0
PhoneService,0.0,0.0
Partner,0.0,0.0
gender,0.0,0.0
StreamingTV,-0.000780905116506229,0.001096881410353089
